[
  {
    "usuario": "carlos@gmail.com",
    "directivo": "frewiros@gmail.com",
    "actividad": "bonilla carlos",
    "fecha": "2025-08-30T19:47:41.365Z"
  },
  {
    "usuario": "isa@gmail.com",
    "directivo": "frewiros@gmail.com",
    "actividad": "isa ossorio, ola",
    "fecha": "2025-08-30T19:48:20.605Z"
  },
  {
    "usuario": "merli@gmail.com",
    "directivo": "frewiros@gmail.com",
    "actividad": "merli anaya",
    "fecha": "2025-08-30T19:48:41.790Z"
  },
  {
    "usuario": "mariana@gmail.com",
    "directivo": "frewiros@gmail.com",
    "actividad": "saa",
    "fecha": "2025-08-30T19:53:14.219Z"
  },
  {
    "usuario": "carlos@gmail.com",
    "directivo": "frewiros@gmail.com",
    "actividad": "stsgfsgdsgr",
    "fecha": "2025-09-04T15:55:39.909Z"
  },
  {
    "usuario": "jhoan@gmail.com",
    "directivo": "admin@gmail.com",
    "actividad": "jhoan osorio xd",
    "fecha": "2025-09-04T15:56:31.938Z"
  }
]