[
  {
    "name": "merli",
    "email": "merli@gmail.com",
    "message": "olaa",
    "date": "2025-08-16T16:21:04.318Z"
  },
  {
    "name": "merli",
    "email": "merli@gmail.com",
    "message": "xd",
    "date": "2025-08-16T16:57:08.118Z"
  },
  {
    "name": "merli",
    "email": "merli@gmail.com",
    "message": "kjdncsjnda olaa",
    "date": "2025-08-19T18:21:41.816Z"
  },
  {
    "name": "nathalia",
    "email": "natha@gmail.com",
    "message": "djshdahd",
    "date": "2025-08-19T18:58:26.174Z"
  },
  {
    "name": "sdjhbds",
    "email": "jhvsdjh@gmail.com",
    "message": "hdsbhdgsdg",
    "date": "2025-08-19T21:29:10.939Z"
  }
]